Player ID,Player,Pos,Squad,Sh/90,SoT/90,SoT%,G/Sh,G/SoT
1339039e,Liel Abada,"FW,MF",sct Celtic,2.07,0.41,20.0,0.0,0.0
8f5cdf66,Oliver Abildgaard,MF,sct Celtic,0.0,0.0,,,
f417a1fa,Mohammad Abu Fani,MF,il Maccabi Haifa,2.48,0.45,18.2,0.0,0.0
b96b595c,Francesco Acerbi,DF,it Inter,0.78,0.2,25.0,0.0,0.0
81442ecb,Marcos Acuña,"DF,MF",es Sevilla,0.82,0.0,0.0,0.0,
82e12fe7,Junior Adamu,FW,at RB Salzburg,2.21,1.32,60.0,0.2,0.33
65d62814,Antonio Adán,GK,pt Sporting CP,0.0,0.0,,,
ee926a02,Arijan Ademi,MF,hr Dinamo Zagreb,1.15,0.38,33.3,0.0,0.0
501055d8,Karim Adeyemi,"FW,MF",de Dortmund,2.63,0.72,27.3,0.18,0.67
dcfb17f4,Amine Adli,"FW,MF",de Leverkusen,2.23,0.74,33.3,0.0,0.0
89ac64a6,Manuel Akanji,DF,eng Manchester City,0.67,0.38,57.1,0.14,0.25
eaeca114,Nathan Aké,DF,eng Manchester City,0.59,0.15,25.0,0.0,0.0
05439de2,David Alaba,DF,es Real Madrid,0.63,0.38,60.0,0.0,0.0
834d0be5,Lucas Alario,"FW,MF",de Eint Frankfurt,0.0,0.0,,,
4601e194,Jordi Alba,DF,es Barcelona,0.0,0.0,,,
77e84962,Thiago Alcántara,MF,eng Liverpool,0.88,0.59,66.7,0.0,0.0
cd1acf9d,Trent Alexander-Arnold,DF,eng Liverpool,1.3,0.58,44.4,0.11,0.25
4288f249,Sotiris Alexandropoulos,MF,pt Sporting CP,2.23,0.74,33.3,0.0,0.0
00f518d8,Faride Alidou,"DF,FW",de Eint Frankfurt,2.47,2.47,100.0,0.5,0.5
7a2e46a8,Alisson,GK,eng Liverpool,0.0,0.0,,,
f4290206,Marcos Alonso,DF,es Barcelona,0.67,0.22,33.3,0.33,1.0
8ce30c57,Éder Álvarez Balanta,"MF,FW",be Club Brugge,0.0,0.0,,,
8b3ab7ad,Edson Álvarez,MF,nl Ajax,1.69,0.34,20.0,0.1,0.5
15ab5a2b,Julián Álvarez,FW,eng Manchester City,2.66,1.14,42.9,0.21,0.5
555d5edd,Nadiem Amiri,"MF,FW",de Leverkusen,2.2,0.0,0.0,0.0,
e0b113a7,Robert Andrich,MF,de Leverkusen,1.11,0.22,20.0,0.2,1.0
df525574,Peter Ankersen,DF,dk FC Copenhagen,0.0,0.0,,,
a2ea941d,Ofri Arad,"DF,MF",il Maccabi Haifa,0.0,0.0,,,
56413b1f,Charles Aránguiz,MF,de Leverkusen,0.42,0.0,0.0,0.0,
353eb529,Henrique Araújo,FW,pt Benfica,10.0,10.0,100.0,1.0,1.0
2bef2bca,Ronald Araújo,DF,es Barcelona,1.0,1.0,100.0,0.0,0.0
b1313ec4,Scott Arfield,MF,sct Rangers,1.69,1.01,60.0,0.2,0.33
e2ae54db,Hákon Arnar Haraldsson,FW,dk FC Copenhagen,2.42,1.21,50.0,0.13,0.25
28d596a0,Kepa Arrizabalaga,GK,eng Chelsea,0.0,0.0,,,
184ad240,Arthur,"MF,FW",pt Sporting CP,1.62,1.62,100.0,1.0,1.0
45af8a54,Marco Asensio,"FW,MF",es Real Madrid,3.33,1.39,41.7,0.25,0.6
0fdcef0e,Kristjan Asllani,MF,it Inter,0.7,0.7,100.0,0.0,0.0
92fffd91,Omer Atzili,"FW,MF",il Maccabi Haifa,4.09,2.05,50.0,0.14,0.29
d5dd5f1f,Pierre-Emerick Aubameyang,FW,eng Chelsea,3.35,1.79,53.3,0.13,0.25
32feb0cf,Lynnt Audoor,MF,be Club Brugge,0.0,0.0,,,
f0677ed7,Fredrik Aursnes,"FW,MF",pt Benfica,0.87,0.15,16.7,0.17,1.0
10549b49,Sardar Azmoun,FW,de Leverkusen,0.0,0.0,,,
53cad200,César Azpilicueta,DF,eng Chelsea,0.0,0.0,,,
ca002b1a,Youri Baas,DF,nl Ajax,2.05,0.0,0.0,0.0,
78f21137,Alexander Bah,DF,pt Benfica,0.28,0.0,0.0,0.0,
a1232f4e,Eric Bailly,DF,fr Marseille,0.3,0.0,0.0,0.0,
32e8417f,Stefan Bajcetic,MF,eng Liverpool,1.65,0.83,50.0,0.0,0.0
a8567629,Mitchel Bakker,"MF,DF",de Leverkusen,1.6,0.27,16.7,0.0,0.0
5ccc9672,Alejandro Balde,DF,es Barcelona,0.53,0.0,0.0,0.0,
7c3ed041,Leonardo Balerdi,DF,fr Marseille,0.55,0.18,33.3,0.33,1.0
f449640d,Fodé Ballo-Touré,"DF,MF",it Milan,0.0,0.0,,,
6f1d7aa8,Tommaso Barbieri,MF,it Juventus,0.0,0.0,,,
88ce7ddc,Roony Bardghji,FW,dk FC Copenhagen,2.76,0.92,33.3,0.0,0.0
6928979a,Nicolò Barella,MF,it Inter,1.82,0.45,25.0,0.15,0.6
712dd708,Borna Barišić,DF,sct Rangers,0.0,0.0,,,
6caffe81,Enzo Barrenechea,DF,it Juventus,0.0,0.0,,,
45736cec,Pablo Barrios,MF,es Atlético Madrid,0.0,0.0,,,
a36524bf,Calvin Bassey,DF,nl Ajax,0.0,0.0,,,
29b7b767,Fortune Bassey,FW,cz Viktoria Plzeň,2.69,1.34,50.0,0.0,0.0
75b86fb3,Alessandro Bastoni,DF,it Inter,0.37,0.09,25.0,0.0,0.0
37d39918,Dylan Batubinsika,DF,il Maccabi Haifa,0.4,0.0,0.0,0.0,
d1eda5f0,Martin Baturina,MF,hr Dinamo Zagreb,0.0,0.0,,,
e3756e72,Raoul Bellanova,"DF,MF",it Inter,0.0,0.0,,,
f874dd44,Héctor Bellerín,DF,es Barcelona,0.5,0.5,100.0,0.0,0.0
57d88cf9,Jude Bellingham,MF,de Dortmund,1.57,0.57,36.4,0.36,1.0
db092d3b,Ismaël Bennacer,MF,it Milan,1.08,0.46,42.9,0.14,0.33
3b8674e6,Rodrigo Bentancur,"MF,FW",eng Tottenham,0.89,0.18,20.0,0.2,1.0
70d74ece,Karim Benzema,FW,es Real Madrid,4.23,2.18,51.4,0.11,0.22
713c144a,Steven Berghuis,"MF,FW",nl Ajax,2.53,0.58,23.1,0.15,0.67
a29b1131,Steven Bergwijn,FW,nl Ajax,1.56,0.69,44.4,0.11,0.25
67b09a18,Alexandro Bernabei,FW,sct Celtic,0.0,0.0,,,
17370b95,Bernardo,DF,at RB Salzburg,0.66,0.0,0.0,0.0,
433dc9a2,Juan Bernat,DF,fr Paris S-G,0.0,0.0,,,
505486d6,Victor Bernth Kristiansen,"DF,MF",dk FC Copenhagen,0.37,0.0,0.0,0.0,
d00fd50a,Modou Biramé Ndiaye,MF,cz Viktoria Plzeň,1.48,0.49,33.3,0.0,0.0
6c203af0,Yves Bissouma,MF,eng Tottenham,0.0,0.0,,,
663e080e,Janis Blaswich,GK,de RB Leipzig,0.0,0.0,,,
691bef82,Daley Blind,DF,nl Ajax,0.66,0.0,0.0,0.0,
73b9fa8a,Petar Bočkaj,"DF,FW",hr Dinamo Zagreb,6.92,2.31,33.3,0.0,0.0
08fe932d,Nicolai Boilesen,DF,dk FC Copenhagen,0.0,0.0,,,
7713c72a,Valerii Bondar,DF,ua Shakhtar,0.17,0.17,100.0,0.0,0.0
415568b5,Artem Bondarenko,MF,ua Shakhtar,0.0,0.0,,,
52ec54d0,Leonardo Bonucci,DF,it Juventus,0.41,0.2,50.0,0.5,1.0
4d1c4a5d,Gonçalo Borges,"MF,FW",pt Porto,2.31,0.0,0.0,0.0,
c68da769,Rafael Borré,FW,de Eint Frankfurt,2.37,0.79,33.3,0.0,0.0
f6798fc3,Yassine Bounou,GK,es Sevilla,0.0,0.0,,,
7c473e12,Dedryck Boyata,DF,be Club Brugge,0.0,0.0,,,
a167537f,Julian Brandt,"MF,FW",de Dortmund,2.27,0.57,25.0,0.08,0.33
5fd5ed86,Gleison Bremer,DF,it Juventus,1.0,0.0,0.0,0.0,
4c184730,Brian Brobbey,FW,nl Ajax,0.0,0.0,,,
97220da2,Armando Broja,FW,eng Chelsea,0.78,0.0,0.0,0.0,
33b8d077,Marcelo Brozović,MF,it Inter,0.66,0.0,0.0,0.0,
3235182a,Pavel Bucha,MF,cz Viktoria Plzeň,0.74,0.0,0.0,0.0,
3aca6420,Tajon Buchanan,"DF,MF",be Club Brugge,1.38,0.17,12.5,0.0,0.0
eaeefc50,Marko Bulat,MF,hr Dinamo Zagreb,3.1,0.0,0.0,0.0,
5ab0ea87,Sergio Busquets,MF,es Barcelona,0.62,0.0,0.0,0.0,
b4705807,Aurélio Buta,DF,de Eint Frankfurt,0.0,0.0,,,
10745192,Jamie Bynoe-Gittens,MF,de Dortmund,0.0,0.0,,,
e34e086c,Jovane Cabral,MF,pt Sporting CP,0.0,0.0,,,
2146785a,Davide Calabria,DF,it Milan,0.54,0.0,0.0,0.0,
cd0fa27b,Hakan Çalhanoğlu,MF,it Inter,1.46,0.45,30.8,0.08,0.25
7b9c2d84,Eduardo Camavinga,"MF,DF",es Real Madrid,0.5,0.12,25.0,0.0,0.0
a65ce836,Emre Can,MF,de Dortmund,0.96,0.32,33.3,0.0,0.0
bd6351cd,João Cancelo,DF,de Bayern Munich,0.0,0.0,,,
bd6351cd,João Cancelo,DF,eng Manchester City,1.91,0.48,25.0,0.0,0.0
6885cc44,Nicolás Capaldo,MF,at RB Salzburg,1.0,0.0,0.0,0.0,
707b98f1,Valentin Carboni,FW,it Inter,0.0,0.0,,,
4a5839fa,Fábio Cardoso,DF,pt Porto,0.75,0.0,0.0,0.0,
3ce20eda,David Carmo,DF,pt Porto,0.4,0.2,50.0,0.0,0.0
2dce876a,Carmona,DF,es Sevilla,0.6,0.0,0.0,0.0,
de39485a,Yannick Carrasco,"DF,MF",es Atlético Madrid,3.94,1.64,41.7,0.08,0.2
88ced02c,Cameron Carter-Vickers,DF,sct Celtic,0.5,0.0,0.0,0.0,
4958bfb2,Dani Carvajal,DF,es Real Madrid,0.21,0.0,0.0,0.0,
966e28d0,Fabio Carvalho,"MF,FW",eng Liverpool,3.13,0.0,0.0,0.0,
2ef08833,Marc Casado,MF,es Barcelona,0.0,0.0,,,
c0617e2b,Dani Ceballos,MF,es Real Madrid,2.09,2.09,100.0,0.0,0.0
a33a0dc0,Aleš Čermák,MF,cz Viktoria Plzeň,2.81,0.0,0.0,0.0,
2180c761,El Chadaille Bitshiabu,DF,fr Paris S-G,0.0,0.0,,,
5515376c,Trevoh Chalobah,DF,eng Chelsea,1.23,0.0,0.0,0.0,
b3b7f5a6,Timothy Chandler,DF,de Eint Frankfurt,7.5,7.5,100.0,0.0,0.0
71031a25,Tjaronn Chery,"MF,FW",il Maccabi Haifa,3.17,0.67,21.1,0.05,0.25
b0f7e36c,Federico Chiesa,FW,it Juventus,5.29,0.0,0.0,0.0,
d2424d1b,Ben Chilwell,"DF,MF",eng Chelsea,0.97,0.0,0.0,0.0,
262e5a82,Chiquinho,MF,pt Benfica,1.56,0.22,14.3,0.0,0.0
163bbd4a,Tomáš Chorý,FW,cz Viktoria Plzeň,2.49,0.75,30.0,0.1,0.33
1cb49278,Andreas Christensen,DF,es Barcelona,0.42,0.42,100.0,0.0,0.0
b3a712de,Viktor Claesson,"FW,MF",dk FC Copenhagen,1.31,0.56,42.9,0.0,0.0
5219ab4a,Jonathan Clauss,DF,fr Marseille,1.1,0.22,20.0,0.0,0.0
b9beb6c5,William Clem,MF,dk FC Copenhagen,1.59,0.0,0.0,0.0,
1fbbfbde,Sebastián Coates,DF,pt Sporting CP,0.46,0.0,0.0,0.0,
75c2e240,Josh Cohen,GK,il Maccabi Haifa,0.0,0.0,,,
bfde3de5,Antonio Čolak,FW,sct Rangers,1.27,0.32,25.0,0.0,0.0
042e8a49,Kingsley Coman,"FW,DF",de Bayern Munich,2.36,0.84,35.7,0.07,0.2
5ef3d210,Francisco Conceição,"FW,MF",nl Ajax,5.29,5.29,100.0,1.0,1.0
6fee9966,Rodrigo Conceição,DF,pt Porto,0.0,0.0,,,
c693347d,Andreas Cornelius,FW,dk FC Copenhagen,0.83,0.0,0.0,0.0,
edeb21ff,Pierre Cornud,DF,il Maccabi Haifa,0.24,0.0,0.0,0.0,
01eb744d,Ángel Correa,"FW,MF",es Atlético Madrid,2.57,1.14,44.4,0.0,0.0
45b9b619,Joaquín Correa,FW,it Inter,1.48,0.89,60.0,0.2,0.33
7b4c1f6e,Bruno Xavier Almeida Costa,MF,pt Porto,1.23,0.0,0.0,0.0,
93fffbcf,Diogo Costa,GK,pt Porto,0.0,0.0,,,
9dff291c,Soumaïla Coulibaly,DF,de Dortmund,0.0,0.0,,,
1840e36d,Thibaut Courtois,GK,es Real Madrid,0.0,0.0,,,
0ab1f153,Juan Cuadrado,"DF,MF",it Juventus,1.04,0.21,20.0,0.0,0.0
1daec722,Marc Cucurella,DF,eng Chelsea,0.22,0.22,100.0,0.0,0.0
dc62b55d,Matheus Cunha,"FW,MF",es Atlético Madrid,3.69,0.74,20.0,0.0,0.0
44eb9093,Danilo D'Ambrosio,DF,it Inter,1.12,0.56,50.0,0.0,0.0
94b2001f,Danilo,DF,it Juventus,0.42,0.0,0.0,0.0,
f08490a6,Arnaut Danjuma,MF,eng Tottenham,0.0,0.0,,,
06a1d642,Mohammed Daramy,FW,dk FC Copenhagen,0.41,0.0,0.0,0.0,
96e0490d,Matteo Darmian,DF,it Inter,0.22,0.0,0.0,0.0,
40f65c01,Dean David,"FW,DF",il Maccabi Haifa,3.8,0.38,10.0,0.1,1.0
d781d855,Alphonso Davies,DF,de Bayern Munich,0.75,0.3,40.0,0.0,0.0
44781702,Ben Davies,DF,eng Tottenham,0.46,0.0,0.0,0.0,
c9009a1f,Ben Davies,DF,sct Rangers,0.69,0.0,0.0,0.0,
cf15bbb1,Steven Davis,MF,sct Rangers,0.0,0.0,,,
e46012d4,Kevin De Bruyne,MF,eng Manchester City,2.01,0.88,43.8,0.13,0.29
2ef7c612,Charles De Ketelaere,"MF,FW",it Milan,1.54,0.38,25.0,0.0,0.0
162efffd,Rodrigo De Paul,MF,es Atlético Madrid,1.76,1.41,80.0,0.2,0.25
ae4e2852,Mattia De Sciglio,DF,it Juventus,0.0,0.0,,,
bc6e544a,Amar Dedić,DF,at RB Salzburg,0.5,0.17,33.3,0.0,0.0
fe641c1a,Thomas Delaney,MF,es Sevilla,1.17,0.0,0.0,0.0,
b19db005,Ousmane Dembélé,FW,es Barcelona,2.18,1.09,50.0,0.1,0.2
54b4dc4e,Kerem Demirbay,MF,de Leverkusen,2.01,0.67,33.3,0.0,0.0
5976f83e,Sergiño Dest,DF,it Milan,0.94,0.0,0.0,0.0,
230a2fac,Giovanni Di Lorenzo,DF,it Napoli,1.32,0.51,38.5,0.15,0.4
19cda00b,Ángel Di María,FW,it Juventus,2.47,0.62,25.0,0.0,0.0
aeed5c06,Moussa Diaby,"FW,MF",de Leverkusen,2.85,1.78,62.5,0.13,0.2
fc62f087,Abdou Diallo,"DF,MF",de RB Leipzig,0.4,0.0,0.0,0.0,
31c69ef1,Rúben Dias,DF,eng Manchester City,1.12,0.43,38.5,0.08,0.2
407feb71,Brahim Díaz,"MF,FW",it Milan,1.64,0.6,36.4,0.09,0.25
4a1a9578,Luis Díaz,FW,eng Liverpool,3.01,1.0,33.3,0.11,0.33
ac861941,Eric Dier,DF,eng Tottenham,1.31,0.29,22.2,0.0,0.0
f179ee11,Kevin Diks,DF,dk FC Copenhagen,0.81,0.0,0.0,0.0,
970b8574,Federico Dimarco,DF,it Inter,1.61,0.25,15.4,0.0,0.0
95bb6ddc,Junior Dina Ebimbe,"MF,DF",de Eint Frankfurt,0.75,0.0,0.0,0.0,
ac295d9e,Marko Dmitrović,GK,es Sevilla,0.0,0.0,,,
d557d734,Matt Doherty,DF,eng Tottenham,4.74,1.18,25.0,0.0,0.0
cc83b74d,Kasper Dolberg,FW,es Sevilla,0.82,0.0,0.0,0.0,
08f5afaa,Gianluigi Donnarumma,GK,fr Paris S-G,0.0,0.0,,,
1a992676,Julian Draxler,MF,pt Benfica,2.81,0.0,0.0,0.0,
15ea94de,Josip Drmić,FW,hr Dinamo Zagreb,0.95,0.95,100.0,0.0,0.0
481c9ece,Denzel Dumfries,DF,it Inter,1.12,0.51,45.5,0.09,0.2
3bb7f478,Edin Džeko,FW,it Inter,2.51,1.2,47.8,0.17,0.36
3bb7b8b4,Ederson,GK,eng Manchester City,0.0,0.0,,,
c8d1c3a5,Jorge Eduardo Sánchez,DF,nl Ajax,0.67,0.33,50.0,0.0,0.0
57760e66,Marcus Edwards,"FW,MF",pt Sporting CP,1.79,1.28,71.4,0.29,0.4
5b92d896,Hugo Ekitike,"MF,FW",fr Paris S-G,2.9,2.9,100.0,0.0,0.0
b9e1436c,Harvey Elliott,MF,eng Liverpool,2.51,1.37,54.5,0.18,0.33
cf007308,Elif Elmas,"FW,MF",it Napoli,1.26,0.32,25.0,0.0,0.0
df8b52a5,Emerson,"DF,MF",eng Tottenham,1.33,0.66,50.0,0.0,0.0
04e17fd5,Youssef En-Nesyri,FW,es Sevilla,4.41,2.2,50.0,0.17,0.33
12dcbdcc,Ricardo Esgaio,"DF,MF",pt Sporting CP,0.0,0.0,,,
1e4319ac,Dario Essugo,MF,pt Sporting CP,0.0,0.0,,,
577efaec,Stephen Eustáquio,MF,pt Porto,1.82,0.91,50.0,0.17,0.33
6f3cc2fe,Evanilson,FW,pt Porto,1.58,0.35,22.2,0.11,0.5
7f3b388c,Fabinho,MF,eng Liverpool,0.0,0.0,,,
366be751,Nicolò Fagioli,MF,it Juventus,0.0,0.0,,,
762179d9,Rasmus Falk,MF,dk FC Copenhagen,0.48,0.0,0.0,0.0,
bceda5ff,Abdul Fatawu Issahaku,"MF,DF",pt Sporting CP,2.02,1.01,50.0,0.0,0.0
0ba976e4,Ansu Fati,FW,es Barcelona,4.8,0.74,15.4,0.0,0.0
51a3c4c8,Felipe,DF,es Atlético Madrid,2.0,0.0,0.0,0.0,
8aafd64f,João Félix,"FW,MF",eng Chelsea,4.8,1.84,38.5,0.0,0.0
8aafd64f,João Félix,FW,es Atlético Madrid,2.9,1.24,42.9,0.0,0.0
ef491564,Mateus Fernandes,MF,pt Sporting CP,0.0,0.0,,,
5ff4ab71,Enzo Fernández,MF,pt Benfica,2.32,0.63,27.3,0.0,0.0
5ff4ab71,Enzo Fernández,MF,eng Chelsea,2.17,0.81,37.5,0.0,0.0
d9d43555,Fernando,FW,at RB Salzburg,5.63,2.81,50.0,0.0,0.0
41f32541,Fernando,MF,es Sevilla,0.0,0.0,,,
4c370d81,Roberto Firmino,"FW,MF",eng Liverpool,1.29,0.65,50.0,0.33,0.67
ed1e53f3,Phil Foden,"MF,FW",eng Manchester City,2.11,1.17,55.6,0.11,0.2
132a82f1,Wesley Fofana,DF,eng Chelsea,0.45,0.23,50.0,0.5,1.0
58c6b67c,Bernardo Folha,MF,pt Porto,0.0,0.0,,,
e73659d3,James Forrest,FW,sct Celtic,0.0,0.0,,,
9a2e0ccc,Emil Forsberg,"MF,FW",de RB Leipzig,1.34,0.9,66.7,0.17,0.25
c3e39f12,Fraser Forster,GK,eng Tottenham,0.0,0.0,,,
a9142dc3,Timothy Fosu-Mensah,"MF,DF",de Leverkusen,0.0,0.0,,,
f620b04f,Lassina Franck Traoré,FW,ua Shakhtar,1.84,0.74,40.0,0.2,0.5
86df4d6b,André Franco,MF,pt Porto,0.0,0.0,,,
74f2e748,Jeremie Frimpong,"MF,FW",de Leverkusen,0.96,0.0,0.0,0.0,
fd4d5f81,Kyogo Furuhashi,FW,sct Celtic,2.76,1.0,36.4,0.0,0.0
c235e803,Matteo Gabbia,DF,it Milan,0.43,0.43,100.0,1.0,1.0
3b387cc7,Gianluca Gaetano,MF,it Napoli,0.0,0.0,,,
ce30bfc8,Roberto Gagliardini,MF,it Inter,0.78,0.78,100.0,0.0,0.0
1971591f,Cody Gakpo,"FW,MF",eng Liverpool,1.18,0.59,50.0,0.0,0.0
5b3d1a7a,Galeno,"FW,MF",pt Porto,2.4,0.8,33.3,0.13,0.4
c2731c10,Conor Gallagher,MF,eng Chelsea,2.69,0.9,33.3,0.0,0.0
2bed3eab,Eric García,DF,es Barcelona,0.0,0.0,,,
18dd3219,Federico Gatti,DF,it Juventus,0.0,0.0,,,
19cae58d,Gavi,MF,es Barcelona,0.55,0.0,0.0,0.0,
8827bf46,Gerson,MF,fr Marseille,0.0,0.0,,,
8d3d3b0a,Giorgos Giakoumakis,FW,sct Celtic,3.66,1.1,30.0,0.1,0.33
41eebdf5,Samuel Gigot,DF,fr Marseille,0.36,0.0,0.0,0.0,
7b5ab7f2,Bryan Gil,MF,eng Tottenham,2.25,0.0,0.0,0.0,
1338e42b,Gilberto,DF,pt Benfica,0.0,0.0,,,
16ceb862,Olivier Giroud,FW,it Milan,2.22,1.26,56.5,0.13,0.23
88e357ef,Serge Gnabry,"FW,MF",de Bayern Munich,2.62,1.05,40.0,0.2,0.5
0d4fd3a0,Sean Goldberg,DF,il Maccabi Haifa,0.17,0.0,0.0,0.0,
56f6f826,Connor Goldson,DF,sct Rangers,0.29,0.0,0.0,0.0,
7a11550b,Joe Gomez,DF,eng Liverpool,0.3,0.0,0.0,0.0,
6e4df551,Papu Gómez,"FW,MF",es Sevilla,2.2,0.73,33.3,0.0,0.0
01e5f06e,Sergio Gómez,"DF,MF",eng Manchester City,2.07,0.59,28.6,0.0,0.0
f4b52308,Diogo Gonçalves,"FW,MF",pt Benfica,2.25,2.25,100.0,0.0,0.0
c275947b,Pedro Gonçalves,"MF,FW",pt Sporting CP,0.74,0.74,100.0,0.0,0.0
cc86b9a3,Leon Goretzka,MF,de Bayern Munich,2.38,1.04,43.8,0.13,0.29
2d970560,Robin Gosens,DF,it Inter,0.85,0.85,100.0,0.25,0.25
9efa1d25,Mario Götze,"MF,FW",de Eint Frankfurt,0.69,0.0,0.0,0.0,
3cd7820a,Lucas Gourna-Douath,MF,at RB Salzburg,0.29,0.0,0.0,0.0,
62182b1d,Kamil Grabara,GK,dk FC Copenhagen,0.0,0.0,,,
b8e740fb,Ryan Gravenberch,MF,de Bayern Munich,1.42,0.71,50.0,0.0,0.0
3f034750,Ivo Grbić,GK,es Atlético Madrid,0.0,0.0,,,
b0b4fd3e,Jack Grealish,FW,eng Manchester City,1.54,0.29,18.8,0.0,0.0
df69b544,Antoine Griezmann,"FW,MF",es Atlético Madrid,4.43,2.44,55.0,0.05,0.09
ffbbc83b,Florian Grillitsch,MF,nl Ajax,0.0,0.0,,,
b1f4086c,Álex Grimaldo,DF,pt Benfica,1.5,0.5,33.3,0.13,0.4
8b8e759d,Marko Grujić,MF,pt Porto,2.27,0.65,28.6,0.0,0.0
0076ab7f,Nemanja Gudelj,"DF,MF",es Sevilla,0.36,0.0,0.0,0.0,
e6bc67d7,Gonçalo Guedes,"FW,MF",pt Benfica,2.09,0.0,0.0,0.0,
5ea8ef20,Mattéo Guendouzi,MF,fr Marseille,1.51,0.43,28.6,0.14,0.5
048a1cbc,Raphaël Guerreiro,DF,de Dortmund,1.13,0.56,50.0,0.33,0.67
7155e3e1,Pape Gueye,MF,fr Marseille,0.0,0.0,,,
bcb2ccd8,Péter Gulácsi,GK,de RB Leipzig,0.0,0.0,,,
819b3158,İlkay Gündoğan,MF,eng Manchester City,1.72,0.72,42.1,0.05,0.13
5ad50391,Joško Gvardiol,DF,de RB Leipzig,0.33,0.33,100.0,1.0,1.0
1f44ac21,Erling Haaland,FW,eng Manchester City,4.17,2.68,64.1,0.28,0.44
92432bc6,Amadou Haidara,MF,de RB Leipzig,1.59,0.53,33.3,0.0,0.0
e42d61c7,Achraf Hakimi,"DF,MF",fr Paris S-G,0.62,0.31,50.0,0.0,0.0
d2fd7c14,Sead Haksabanović,"MF,FW",sct Celtic,0.79,0.79,100.0,0.0,0.0
ba115a40,Sébastien Haller,FW,de Dortmund,1.26,0.0,0.0,0.0,
8ff2354e,Marcel Halstenberg,DF,de RB Leipzig,0.54,0.0,0.0,0.0,
e7d59f4f,Amine Harit,MF,fr Marseille,2.13,1.18,55.6,0.11,0.2
cb4f24c6,Joe Hart,GK,sct Celtic,0.0,0.0,,,
9ab16552,Makoto Hasebe,DF,de Eint Frankfurt,0.0,0.0,,,
78f85621,Reo Hatate,MF,sct Celtic,1.21,0.4,33.3,0.0,0.0
8454388c,Milan Havel,DF,cz Viktoria Plzeň,0.21,0.0,0.0,0.0,
fed7cb61,Kai Havertz,"FW,MF",eng Chelsea,3.49,1.02,29.2,0.04,0.14
a39bb753,Eden Hazard,"FW,MF",es Real Madrid,1.36,0.68,50.0,0.5,1.0
50871bcc,Thorgan Hazard,"DF,FW",de Dortmund,1.8,0.45,25.0,0.25,1.0
40d08dcd,Dolev Haziz,DF,il Maccabi Haifa,0.43,0.0,0.0,0.0,
61f63784,Lukáš Hejda,DF,cz Viktoria Plzeň,0.35,0.0,0.0,0.0,
935e6b8f,Jordan Henderson,MF,eng Liverpool,0.0,0.0,,,
ffed43e3,Jack Hendry,DF,be Club Brugge,0.0,0.0,,,
0a89e877,Benjamin Henrichs,"DF,MF",de RB Leipzig,0.89,0.0,0.0,0.0,
555f3a0b,Mario Hermoso,DF,es Atlético Madrid,2.28,0.57,25.0,0.25,1.0
c3ee18ef,Lucas Hernández,DF,de Bayern Munich,0.52,0.52,100.0,1.0,1.0
d4c9725f,Theo Hernández,DF,it Milan,0.95,0.19,20.0,0.0,0.0
92e7e919,Son Heung-min,"MF,FW",eng Tottenham,2.18,1.17,53.3,0.13,0.25
0c7a48f8,Piero Hincapié,DF,de Leverkusen,0.2,0.0,0.0,0.0,
5521f419,Adam Hložek,"MF,FW",de Leverkusen,1.64,1.64,100.0,0.0,0.0
d92ab59f,Libor Holík,DF,cz Viktoria Plzeň,0.93,0.31,33.3,0.0,0.0
ad3389d5,Lukáš Hrádecký,GK,de Leverkusen,0.0,0.0,,,
15f3ec41,Callum Hudson-Odoi,FW,de Leverkusen,1.56,0.39,25.0,0.13,0.5
05d548d8,Mats Hummels,DF,de Dortmund,0.29,0.0,0.0,0.0,
8b04d6c1,Pierre Højbjerg,MF,eng Tottenham,0.87,0.29,33.3,0.17,0.5
ba492306,Samuel Iling-Junior,DF,it Juventus,0.0,0.0,,,
33651873,Gonçalo Inácio,DF,pt Sporting CP,0.17,0.0,0.0,0.0,
a0b4bb3e,Isco,"MF,FW",es Sevilla,1.8,1.13,62.5,0.13,0.2
1f994616,Franco Israel,GK,pt Sporting CP,0.0,0.0,,,
29fbdc88,Luka Ivanušec,MF,hr Dinamo Zagreb,1.37,0.69,50.0,0.0,0.0
d97cccc9,Ryan Jack,MF,sct Rangers,0.0,0.0,,,
a8ee54ad,Kristijan Jakić,DF,de Eint Frankfurt,0.29,0.0,0.0,0.0,
1265a93a,Reece James,"DF,MF",eng Chelsea,1.04,0.39,37.5,0.13,0.33
4737cebe,Adnan Januzaj,"FW,MF",es Sevilla,0.0,0.0,,,
eeba07f8,Luis Javier Suárez,FW,fr Marseille,3.16,0.79,25.0,0.0,0.0
213f0daf,Elias Jelert,"DF,MF",dk FC Copenhagen,0.0,0.0,,,
b244e804,Václav Jemelka,DF,cz Viktoria Plzeň,0.0,0.0,,,
cd1629bc,Valdemar Jensen,DF,dk FC Copenhagen,0.89,0.0,0.0,0.0,
ee644761,Moritz Jenz,DF,sct Celtic,0.5,0.17,33.3,0.0,0.0
79083382,Juan Jesus,DF,it Napoli,0.0,0.0,,,
f9bd541e,Erik Jirka,"FW,MF",cz Viktoria Plzeň,1.35,0.34,25.0,0.0,0.0
c16c4e3b,Ísak Jóhannesson,"FW,MF",dk FC Copenhagen,0.93,0.62,66.7,0.0,0.0
4fb9c88f,Curtis Jones,"FW,MF",eng Liverpool,2.7,0.0,0.0,0.0,
1bacc518,Frenkie de Jong,MF,es Barcelona,0.0,0.0,,,
2a0c8ba4,Joan Jordán,MF,es Sevilla,0.0,0.0,,,
45db685d,Jorginho,MF,eng Chelsea,0.43,0.22,50.0,0.0,0.0
8c5f1522,Jota,FW,sct Celtic,3.79,2.53,66.7,0.17,0.25
178ae8f8,Diogo Jota,"FW,MF",eng Liverpool,2.4,1.03,42.9,0.0,0.0
7111d552,Vinicius Júnior,FW,es Real Madrid,3.52,1.76,50.0,0.18,0.37
0a084b35,Josip Juranović,DF,sct Celtic,0.17,0.0,0.0,0.0,
2a9f6b4d,Jutglà,FW,be Club Brugge,1.76,1.06,60.0,0.1,0.17
c066d1a5,Issa Kaboré,DF,fr Marseille,0.8,0.0,0.0,0.0,
85f7d1be,Pierre Kalulu,DF,it Milan,0.24,0.24,100.0,0.0,0.0
df064106,Lukáš Kalvach,MF,cz Viktoria Plzeň,0.55,0.37,66.7,0.0,0.0
15b287da,Daichi Kamada,"MF,FW",de Eint Frankfurt,1.55,0.65,41.7,0.17,0.4
4da9191b,Glen Kamara,MF,sct Rangers,0.0,0.0,,,
0ca476cc,Dijon Kameri,MF,at RB Salzburg,2.98,1.49,50.0,0.0,0.0
b825a650,Kevin Kampl,MF,de RB Leipzig,0.0,0.0,,,
21a66f6a,Harry Kane,FW,eng Tottenham,2.5,0.5,20.0,0.0,0.0
b9fbae28,N'Golo Kanté,MF,eng Chelsea,1.1,0.0,0.0,0.0,
23a10591,Mamoudou Karamoko,FW,dk FC Copenhagen,0.0,0.0,,,
3d50bcdb,Moise Kean,"FW,MF",it Juventus,3.24,1.62,50.0,0.25,0.5
316de854,Ryan Kent,"FW,MF",sct Rangers,1.24,0.18,14.3,0.0,0.0
05e19d6a,Franck Kessié,MF,es Barcelona,0.99,0.66,66.7,0.33,0.5
862fa9fb,Davit Khocholava,DF,dk FC Copenhagen,0.21,0.0,0.0,0.0,
49296448,Joshua Kimmich,MF,de Bayern Munich,2.33,1.0,42.9,0.0,0.0
aef6e670,Presnel Kimpembe,DF,fr Paris S-G,0.0,0.0,,,
82c615f8,Leon King,DF,sct Rangers,0.24,0.0,0.0,0.0,
8b8a56ce,Simon Kjær,DF,it Milan,0.53,0.0,0.0,0.0,
2b0852db,Maurits Kjærgaard,MF,at RB Salzburg,1.64,0.18,11.1,0.0,0.0
15fd5593,Davy Klaassen,MF,nl Ajax,0.42,0.42,100.0,1.0,1.0
c2a30c01,Jan Kliment,FW,cz Viktoria Plzeň,2.0,2.0,100.0,1.0,1.0
ca8033cb,Lukas Klostermann,DF,de RB Leipzig,0.0,0.0,,,
19a967ab,Ansgar Knauff,"DF,FW",de Eint Frankfurt,2.15,0.61,28.6,0.0,0.0
cd59b9df,Gregor Kobel,GK,de Dortmund,0.0,0.0,,,
ff74841d,Philipp Köhn,GK,at RB Salzburg,0.0,0.0,,,
6747869d,Sekou Koita,FW,at RB Salzburg,4.5,0.0,0.0,0.0,
55126f3b,Koke,MF,es Atlético Madrid,0.55,0.27,50.0,0.0,0.0
3935e52e,Sead Kolašinac,DF,fr Marseille,0.6,0.0,0.0,0.0,
c0b3669f,Randal Kolo Muani,FW,de Eint Frankfurt,2.1,1.22,58.3,0.17,0.29
5ed9b537,Ibrahima Konaté,DF,eng Liverpool,0.35,0.0,0.0,0.0,
cce181df,Geoffrey Kondogbia,MF,es Atlético Madrid,2.8,0.0,0.0,0.0,
aee634bf,Yukhym Konoplia,DF,ua Shakhtar,0.22,0.0,0.0,0.0,
6f639ec7,Jan Kopic,"FW,MF",cz Viktoria Plzeň,2.22,0.0,0.0,0.0,
1f3afdcb,Odilon Kossonou,DF,de Leverkusen,0.42,0.0,0.0,0.0,
b1cd37e6,Filip Kostić,"DF,FW",it Juventus,1.26,0.42,33.3,0.0,0.0
da974c7b,Kalidou Koulibaly,DF,eng Chelsea,0.48,0.0,0.0,0.0,
4d1666ff,Jules Koundé,DF,es Barcelona,0.0,0.0,,,
79c0821a,Mateo Kovačić,MF,eng Chelsea,0.58,0.14,25.0,0.25,1.0
9606f0b2,Adam Kronus,FW,cz Viktoria Plzeň,60.0,0.0,0.0,0.0,
6ce1f46f,Toni Kroos,MF,es Real Madrid,1.07,0.11,10.0,0.0,0.0
817c6964,Rade Krunić,"MF,FW",it Milan,0.55,0.22,40.0,0.2,0.5
47420f02,Dmytro Kryskiv,MF,ua Shakhtar,0.0,0.0,,,
292a652a,Serhiy Kryvtsov,DF,ua Shakhtar,0.0,0.0,,,
df3cda47,Dejan Kulusevski,"MF,DF",eng Tottenham,1.35,0.0,0.0,0.0,
dea88efd,Khvicha Kvaratskhelia,FW,it Napoli,4.55,1.43,31.4,0.03,0.09
c1b7847c,Konrad Laimer,"MF,FW",de RB Leipzig,0.69,0.0,0.0,0.0,
abe66106,Érik Lamela,"FW,MF",es Sevilla,0.97,0.65,66.7,0.0,0.0
8e034340,Noa Lang,FW,be Club Brugge,0.62,0.31,50.0,0.0,0.0
119b9a8e,Aymeric Laporte,DF,eng Manchester City,0.0,0.0,,,
e7af9060,Cyle Larin,"FW,MF",be Club Brugge,0.0,0.0,,,
8b929ec2,Rasmus Lauritsen,DF,hr Dinamo Zagreb,0.0,0.0,,,
da9018ca,Neta Lavi,MF,il Maccabi Haifa,0.19,0.0,0.0,0.0,
20730eae,Rafael Leão,"FW,MF",it Milan,1.89,0.3,15.8,0.05,0.33
4dbd0916,Thomas Lemar,MF,es Atlético Madrid,0.87,0.0,0.0,0.0,
4f28a6ff,Clément Lenglet,DF,eng Tottenham,0.18,0.18,100.0,1.0,1.0
bbd86530,Christopher Lenz,DF,de Eint Frankfurt,0.8,0.4,50.0,0.0,0.0
1b82f8df,Lukas Lerager,MF,dk FC Copenhagen,1.4,0.8,57.1,0.0,0.0
8d78e732,Robert Lewandowski,FW,es Barcelona,4.9,2.04,41.7,0.21,0.5
b57e066e,Rico Lewis,DF,eng Manchester City,1.51,0.76,50.0,0.5,1.0
d6e53a3a,Matthijs de Ligt,DF,de Bayern Munich,0.15,0.0,0.0,0.0,
37dc1a48,Jesper Lindstrøm,"MF,FW",de Eint Frankfurt,1.95,0.71,36.4,0.09,0.25
58f077c0,Dominik Livaković,GK,hr Dinamo Zagreb,0.0,0.0,,,
99a8ddc9,Robert Ljubicic,"FW,DF",hr Dinamo Zagreb,1.0,0.17,16.7,0.17,1.0
02c15616,Marcos Llorente,"MF,FW",es Atlético Madrid,0.42,0.0,0.0,0.0,
8f62b6ee,Hugo Lloris,GK,eng Tottenham,0.0,0.0,,,
e9fda01d,Danny Loader,"FW,MF",pt Porto,6.92,3.46,50.0,0.0,0.0
e1cbb531,Stanislav Lobotka,MF,it Napoli,0.31,0.0,0.0,0.0,
a8a874f1,Manuel Locatelli,MF,it Juventus,3.24,0.41,12.5,0.0,0.0
e97fd090,Ruben Loftus-Cheek,MF,eng Chelsea,0.63,0.0,0.0,0.0,
20b9f052,Pau López,GK,fr Marseille,0.0,0.0,,,
8e50599a,Alexander lowry,MF,sct Rangers,0.0,0.0,,,
a69e4806,Hirving Lozano,FW,it Napoli,2.31,0.77,33.3,0.08,0.25
881cd6be,Florentino Luís,MF,pt Benfica,0.52,0.0,0.0,0.0,
5eae500a,Romelu Lukaku,FW,it Inter,5.35,2.92,54.5,0.18,0.33
0df2b165,John Lundstram,"MF,DF",sct Rangers,0.2,0.0,0.0,0.0,
3061e1ec,Andriy Lunin,GK,es Real Madrid,0.0,0.0,,,
7be09c86,Mahir Madatov,FW,hr Dinamo Zagreb,4.29,0.0,0.0,0.0,
395451fc,Daizen Maeda,FW,sct Celtic,1.64,0.27,16.7,0.0,0.0
892d5bb1,Riyad Mahrez,"FW,MF",eng Manchester City,1.6,0.71,44.4,0.22,0.5
fcb38f57,Mike Maignan,GK,it Milan,0.0,0.0,,,
116c35df,Donyell Malen,"FW,MF",de Dortmund,2.9,0.36,12.5,0.0,0.0
c20bdcd7,Reinildo Mandava,DF,es Atlético Madrid,0.53,0.0,0.0,0.0,
c691bfe2,Sadio Mané,FW,de Bayern Munich,2.45,1.63,66.7,0.2,0.3
7a20d90a,Iván Marcano,DF,pt Porto,0.33,0.0,0.0,0.0,
133faa84,Marcão,DF,es Sevilla,0.0,0.0,,,
f0da930c,José María Giménez,DF,es Atlético Madrid,0.9,0.22,25.0,0.0,0.0
5c4dc0ff,Mariano,FW,es Real Madrid,0.0,0.0,,,
148af9a8,Antonio Marin,FW,hr Dinamo Zagreb,0.0,0.0,,,
f0021247,João Mário,FW,pt Benfica,0.73,0.1,14.3,0.14,1.0
82a39b66,João Mário Lopes,DF,pt Porto,1.0,0.33,33.3,0.0,0.0
d5f2f82b,Marquinhos,DF,fr Paris S-G,0.28,0.14,50.0,0.0,0.0
b4ecc6b6,José Marsà,DF,pt Sporting CP,0.0,0.0,,,
f7036e1c,Lautaro Martínez,FW,it Inter,2.44,0.72,29.6,0.11,0.38
f3945e07,Toni Martínez,FW,pt Porto,3.19,0.0,0.0,0.0,
55abe554,Clinton Mata,DF,be Club Brugge,0.0,0.0,,,
feb5d972,Pape Matar Sarr,MF,eng Tottenham,3.0,1.0,33.3,0.0,0.0
b217ef29,Joël Matip,DF,eng Liverpool,1.85,0.74,40.0,0.2,0.5
33144cc5,Rabbi Matondo,"MF,FW",sct Rangers,0.93,0.0,0.0,0.0,
1adcf39e,Mykola Matviyenko,DF,ua Shakhtar,0.0,0.0,,,
826e8b63,Philipp Max,DF,de Eint Frankfurt,0.0,0.0,,,
0e6bc38c,Eric Maxim Choupo-Moting,FW,de Bayern Munich,3.1,1.45,46.7,0.27,0.57
b74277a0,Noussair Mazraoui,DF,de Bayern Munich,0.92,0.23,25.0,0.0,0.0
42fd9c7f,Kylian Mbappé,FW,fr Paris S-G,3.46,1.94,56.0,0.24,0.43
e76cb9cc,Chancel Mbemba,DF,fr Marseille,0.89,0.44,50.0,0.5,1.0
64b08de7,James McCarthy,MF,sct Celtic,0.0,0.0,,,
f3a97d02,Allan McGregor,GK,sct Rangers,0.0,0.0,,,
6800f515,Callum McGregor,MF,sct Celtic,0.83,0.0,0.0,0.0,
01c3aff5,Weston McKennie,MF,it Juventus,1.0,0.5,50.0,0.5,1.0
3b0108d6,Jon McLaughlin,GK,sct Rangers,0.0,0.0,,,
0a6dbbf7,Brandon Mechele,DF,be Club Brugge,0.0,0.0,,,
95f5aae8,Bjorn Meijer,DF,be Club Brugge,0.79,0.16,20.0,0.2,1.0
38f8ce7f,Raz Meir,"DF,MF",il Maccabi Haifa,0.0,0.0,,,
48b3dd60,Arthur Melo,MF,eng Liverpool,6.43,0.0,0.0,0.0,
8f696594,Memphis,FW,es Barcelona,0.0,0.0,,,
a30e23de,Sun Menachem,DF,il Maccabi Haifa,0.0,0.0,,,
f20e4cc9,Nuno Mendes,"DF,MF",fr Paris S-G,0.21,0.21,100.0,1.0,1.0
33887998,Edouard Mendy,GK,eng Chelsea,0.0,0.0,,,
3cefcaef,Ferland Mendy,DF,es Real Madrid,0.26,0.0,0.0,0.0,
9413b19f,Alex Meret,GK,it Napoli,0.0,0.0,,,
d70ce98e,Lionel Messi,"FW,MF",fr Paris S-G,3.38,1.17,34.8,0.17,0.5
f49c4ae9,Junior Messias,"FW,DF",it Milan,1.71,0.57,33.3,0.17,0.5
e162b013,Thomas Meunier,DF,de Dortmund,0.51,0.0,0.0,0.0,
b56dd813,Alexander Meyer,GK,de Dortmund,0.0,0.0,,,
d436eb94,Simon Mignolet,GK,be Club Brugge,0.0,0.0,,,
85613cf0,Arkadiusz Milik,FW,it Juventus,2.13,1.33,62.5,0.25,0.4
2784f898,Éder Militão,DF,es Real Madrid,0.48,0.12,25.0,0.25,1.0
2f90f6b8,James Milner,MF,eng Liverpool,0.37,0.0,0.0,0.0,
e0f8151c,Kim Min-jae,DF,it Napoli,0.11,0.0,0.0,0.0,
bbf5c11b,Rafa Mir,"MF,FW",es Sevilla,4.62,1.73,37.5,0.13,0.33
34693494,Fabio Miretti,"MF,FW",it Juventus,1.7,0.0,0.0,0.0,
46152b69,Josip Mišić,MF,hr Dinamo Zagreb,0.87,0.35,40.0,0.0,0.0
dd0daf32,Henrikh Mkhitaryan,MF,it Inter,1.49,0.79,53.3,0.13,0.25
34e4343c,Anthony Modeste,FW,de Dortmund,1.06,0.0,0.0,0.0,
6025fab1,Luka Modrić,MF,es Real Madrid,0.73,0.24,33.3,0.17,0.5
cfdacb90,Ali Mohamed,MF,il Maccabi Haifa,0.0,0.0,,,
b62878a5,Kudus Mohammed,FW,nl Ajax,1.61,0.8,50.0,0.5,1.0
25b74470,Sadegh Moharrami,"FW,DF",hr Dinamo Zagreb,0.22,0.22,100.0,0.0,0.0
23610943,Nahuel Molina,"DF,MF",es Atlético Madrid,0.58,0.0,0.0,0.0,
374d5158,Gonzalo Montiel,DF,es Sevilla,0.4,0.4,100.0,1.0,1.0
47b7e3af,Aaron Mooy,MF,sct Celtic,0.59,0.0,0.0,0.0,
129af0db,Álvaro Morata,FW,es Atlético Madrid,1.22,0.61,50.0,0.0,0.0
0f41e2ee,Morato,DF,pt Benfica,0.0,0.0,,,
ef88f778,Alfredo Morelos,FW,sct Rangers,2.11,0.7,33.3,0.0,0.0
a650c75b,Hidemasa Morita,MF,pt Sporting CP,0.54,0.0,0.0,0.0,
736157b7,Jhon Mosquera,"FW,MF",cz Viktoria Plzeň,1.88,0.21,11.1,0.0,0.0
6ce43701,Youssoufa Moukoko,"FW,MF",de Dortmund,3.35,1.12,33.3,0.0,0.0
9674002f,Mason Mount,MF,eng Chelsea,2.86,0.82,28.6,0.0,0.0
2b622f01,Lucas Moura,"FW,MF",eng Tottenham,0.0,0.0,,,
049a888d,Mykhailo Mudryk,"FW,DF",eng Chelsea,2.87,0.96,33.3,0.0,0.0
049a888d,Mykhailo Mudryk,MF,ua Shakhtar,1.57,1.05,66.7,0.33,0.5
dbfbdf06,Paul Mukairu,FW,dk FC Copenhagen,4.09,0.0,0.0,0.0,
ac73ec79,Nordi Mukiele,"DF,MF",fr Paris S-G,0.0,0.0,,,
3c6089ab,Thomas Müller,"MF,FW",de Bayern Munich,2.21,0.98,44.4,0.11,0.25
4567a0b4,Petar Musa,FW,pt Benfica,3.49,2.09,60.0,0.4,0.67
2c0558b8,Jamal Musiala,"MF,FW",de Bayern Munich,1.7,0.68,40.0,0.0,0.0
3e9bd29d,Bohdan Mykhaylychenko,DF,ua Shakhtar,1.25,0.0,0.0,0.0,
441197b8,Obite N'Dicka,DF,de Eint Frankfurt,0.37,0.0,0.0,0.0,
2946f9a1,Nacho,DF,es Real Madrid,0.2,0.2,100.0,0.0,0.0
3f10bd22,Jesús Navas,"DF,MF",es Sevilla,0.0,0.0,,,
e7281ea9,Flávio Nazinho,"DF,MF",pt Sporting CP,1.5,0.75,50.0,0.0,0.0
5cdddffa,Tanguy Ndombele,MF,it Napoli,1.93,0.72,37.5,0.13,0.33
4f1e6a0b,David Neres,"FW,MF",pt Benfica,2.23,1.01,45.5,0.27,0.6
953597a1,Luís Neto,DF,pt Sporting CP,2.31,0.0,0.0,0.0,
8778c910,Manuel Neuer,GK,de Bayern Munich,0.0,0.0,,,
c2a15a27,João Neves,"FW,MF",pt Benfica,0.0,0.0,,,
69384e5d,Neymar,"MF,FW",fr Paris S-G,3.01,1.0,33.3,0.11,0.33
5853ac44,Tanguy Nianzou,DF,es Sevilla,1.0,0.5,50.0,0.5,1.0
f6a90edd,Casper Nielsen,MF,be Club Brugge,1.12,0.14,12.5,0.0,0.0
c14bc029,Saúl Ñíguez,"MF,DF",es Atlético Madrid,1.6,0.32,20.0,0.0,0.0
7c56da38,Christopher Nkunku,"MF,FW",de RB Leipzig,2.4,1.28,53.3,0.2,0.38
5458f670,Hugo Novoa,MF,de RB Leipzig,0.0,0.0,,,
4d77b365,Darwin Núñez,FW,eng Liverpool,4.96,2.93,59.1,0.18,0.31
4ab12002,Antonio Nusa,FW,be Club Brugge,1.58,1.58,100.0,1.0,1.0
fb495bb8,Matt O'Riley,MF,sct Celtic,2.99,0.94,31.3,0.0,0.0
ee8508c0,Jan Oblak,GK,es Atlético Madrid,0.0,0.0,,,
a08b974a,Lucas Ocampos,FW,nl Ajax,5.29,5.29,100.0,0.0,0.0
a04e47f0,Oleh Ocheretko,MF,ua Shakhtar,6.43,0.0,0.0,0.0,
f7750aa0,Denis Odoi,"DF,MF",be Club Brugge,0.17,0.0,0.0,0.0,
ca607d59,Noah Okafor,FW,at RB Salzburg,1.94,0.97,50.0,0.2,0.4
41c12f75,Mathías Olivera,DF,it Napoli,0.7,0.0,0.0,0.0,
ae44e8e2,Dani Olmo,"FW,MF",de RB Leipzig,2.77,0.0,0.0,0.0,
e9c0c1b2,André Onana,GK,it Inter,0.0,0.0,,,
751a0fb5,Raphael Onyedika,MF,be Club Brugge,1.11,0.0,0.0,0.0,
20030c06,Willi Orban,DF,de RB Leipzig,0.5,0.12,25.0,0.0,0.0
43a166b4,Divock Origi,FW,it Milan,3.51,1.17,33.3,0.0,0.0
ee950928,Mislav Oršić,FW,hr Dinamo Zagreb,2.39,0.55,23.1,0.15,0.67
c1242d4e,Stefan Ortega,GK,eng Manchester City,0.0,0.0,,,
8c90fd7a,Victor Osimhen,FW,it Napoli,3.21,1.5,46.7,0.33,0.71
0d267745,Nicolás Otamendi,DF,pt Benfica,0.45,0.0,0.0,0.0,
28b1f3ce,Otávio,MF,pt Porto,0.86,0.34,40.0,0.0,0.0
38c7feef,Alex Oxlade-Chamberlain,MF,eng Liverpool,0.0,0.0,,,
15413fa5,Salih Özcan,MF,de Dortmund,0.33,0.17,50.0,0.0,0.0
e82adcab,Exequiel Palacios,MF,de Leverkusen,0.0,0.0,,,
dc7f8a28,Cole Palmer,"MF,FW",eng Manchester City,2.61,1.3,50.0,0.0,0.0
13d23b29,Antonios Papadopoulos,"MF,FW",de Dortmund,0.0,0.0,,,
dff153a4,Leandro Paredes,MF,it Juventus,0.76,0.0,0.0,0.0,
5c899683,Felix Passlack,DF,de Dortmund,0.0,0.0,,,
3392603d,Remko Pasveer,GK,nl Ajax,0.0,0.0,,,
a62c16d0,Paulinho,FW,pt Sporting CP,0.76,0.38,50.0,0.5,1.0
53070b63,Paulinho,FW,de Leverkusen,3.67,3.67,100.0,0.0,0.0
45a03961,Benjamin Pavard,DF,de Bayern Munich,0.91,0.46,50.0,0.33,0.67
25146df0,Strahinja Pavlović,DF,at RB Salzburg,0.5,0.0,0.0,0.0,
58ae47b2,Dimitri Payet,MF,fr Marseille,2.34,0.0,0.0,0.0,
0d9b2d31,Pedri,"MF,FW",es Barcelona,1.35,0.67,50.0,0.0,0.0
3b61c9ec,Luca Pellegrini,"DF,MF",de Eint Frankfurt,1.34,0.0,0.0,0.0,
cc1c5035,Iñaki Peña,GK,es Barcelona,0.0,0.0,,,
c906ce0f,Pepe,DF,pt Porto,0.25,0.0,0.0,0.0,
fc4e7637,Pepê,"DF,FW",pt Porto,0.66,0.26,40.0,0.0,0.0
8fd9996f,Danilo Pereira,"DF,MF",fr Paris S-G,0.2,0.2,100.0,0.0,0.0
121101a4,Dino Perić,DF,hr Dinamo Zagreb,0.0,0.0,,,
4c62d0c8,Mattia Perin,GK,it Juventus,0.0,0.0,,,
6fe90922,Ivan Perišić,"DF,MF",eng Tottenham,0.31,0.0,0.0,0.0,
51a56075,Luděk Pernica,DF,cz Viktoria Plzeň,0.18,0.18,100.0,0.0,0.0
24228180,Bruno Petković,FW,hr Dinamo Zagreb,0.37,0.18,50.0,0.5,1.0
6db16dda,Ivan Petryak,MF,ua Shakhtar,1.5,0.0,0.0,0.0,
4f565d77,Kalvin Phillips,MF,eng Manchester City,0.0,0.0,,,
307877be,Frantzdy Pierrot,FW,il Maccabi Haifa,0.94,0.37,40.0,0.0,0.0
b5b2e1ba,Václav Pilař,"FW,MF",cz Viktoria Plzeň,3.66,1.46,40.0,0.0,0.0
5db20508,Rodrigo Pinho,FW,pt Benfica,0.0,0.0,,,
adfc9123,Gerard Piqué,DF,es Barcelona,0.35,0.35,100.0,0.0,0.0
55a1cac2,Tommaso Pobega,MF,it Milan,3.87,1.1,28.6,0.14,0.5
d697a2d0,Suf Podgoreanu,DF,il Maccabi Haifa,0.0,0.0,,,
5e861944,Matteo Politano,FW,it Napoli,2.68,0.67,25.0,0.0,0.0
27d0a506,Pedro Porro,"DF,MF",pt Sporting CP,0.92,0.46,50.0,0.0,0.0
27d0a506,Pedro Porro,DF,eng Tottenham,4.74,0.0,0.0,0.0,
d2416c2e,Yussuf Poulsen,"FW,MF",de RB Leipzig,0.0,0.0,,,
1bf33a9a,Christian Pulisic,"DF,FW",eng Chelsea,0.8,0.0,0.0,0.0,
8794e251,Adrien Rabiot,MF,it Juventus,0.81,0.4,50.0,0.5,1.0
89f951b5,Ivan Rakitić,MF,es Sevilla,1.08,0.0,0.0,0.0,
f63cda26,Gonçalo Ramos,FW,pt Benfica,3.03,1.52,50.0,0.13,0.25
08511d65,Sergio Ramos,DF,fr Paris S-G,0.75,0.25,33.3,0.0,0.0
d720e834,Calvin Ramsay,DF,eng Liverpool,0.0,0.0,,,
3423f250,Raphinha,FW,es Barcelona,3.06,0.0,0.0,0.0,
6e058f06,Giacomo Raspadori,FW,it Napoli,3.6,1.8,50.0,0.4,0.8
7d450ed3,David Raum,DF,de RB Leipzig,0.0,0.0,,,
536cebe5,Ante Rebić,"FW,MF",it Milan,2.17,0.0,0.0,0.0,
ae1159bf,Matheus Reis,DF,pt Sporting CP,0.18,0.0,0.0,0.0,
3376a776,Karim Rekik,DF,es Sevilla,0.0,0.0,,,
c5cbbcff,Devyne Rensch,DF,nl Ajax,0.63,0.31,50.0,0.0,0.0
36a3ff67,Marco Reus,"MF,FW",de Dortmund,2.06,0.69,33.3,0.17,0.5
7fa4e703,Gio Reyna,"FW,MF",de Dortmund,0.7,0.23,33.3,0.0,0.0
fa031b34,Richarlison,"MF,FW",eng Tottenham,2.47,0.74,30.0,0.2,0.67
7e56d3db,Stefan Ristovski,DF,hr Dinamo Zagreb,0.49,0.24,50.0,0.0,0.0
733e7ad8,Mats Rits,MF,be Club Brugge,0.0,0.0,,,
335fa267,Sergi Roberto,DF,es Barcelona,1.75,0.87,50.0,0.0,0.0
2e4f5f03,Andrew Robertson,DF,eng Liverpool,0.48,0.0,0.0,0.0,
c738a5ec,Rochinha,"MF,FW",pt Sporting CP,0.0,0.0,,,
e12b0b5b,Sebastian Rode,MF,de Eint Frankfurt,0.9,0.3,33.3,0.0,0.0
6434f10d,Rodri,MF,eng Manchester City,1.54,0.36,23.5,0.12,0.5
8f5e92a6,Rodrygo,FW,es Real Madrid,2.53,0.99,39.1,0.13,0.33
a3d94a58,Cristian Romero,DF,eng Tottenham,0.3,0.15,50.0,0.0,0.0
ed45c4a5,Valentin Rongier,MF,fr Marseille,0.76,0.19,25.0,0.0,0.0
90c1f9a4,Tom Rothe,DF,de Dortmund,0.0,0.0,,,
4b3e1a38,Amir Rrahmani,DF,it Napoli,0.44,0.15,33.3,0.0,0.0
18b896d6,Antonio Rüdiger,DF,es Real Madrid,0.8,0.13,16.7,0.17,1.0
14b8fcdf,Daniele Rugani,DF,it Juventus,2.0,1.0,50.0,0.0,0.0
0b5a292a,Mário Rui,DF,it Napoli,1.4,0.23,16.7,0.0,0.0
c0c7ff58,Fabián Ruiz Peña,MF,fr Paris S-G,1.89,0.0,0.0,0.0,
12e7ac0a,Nikita Rukavytsya,"FW,MF",il Maccabi Haifa,3.83,1.91,50.0,0.0,0.0
4535e4bb,Mathew Ryan,GK,dk FC Copenhagen,0.0,0.0,,,
009a4f60,Julian Ryerson,DF,de Dortmund,0.0,0.0,,,
e280527c,Marcel Sabitzer,MF,de Bayern Munich,3.21,0.96,30.0,0.0,0.0
ee251371,Alexis Saelemaekers,"FW,DF",it Milan,1.46,0.97,66.7,0.33,0.5
be6a794c,Fashion Sakala,"FW,MF",sct Rangers,2.68,0.38,14.3,0.0,0.0
e342ad68,Mohamed Salah,FW,eng Liverpool,3.17,1.73,54.5,0.32,0.58
0a69de7b,Kike Salas,DF,es Sevilla,0.5,0.0,0.0,0.0,
032f894e,Renato Sanches,MF,fr Paris S-G,0.0,0.0,,,
2c0f8e9e,Alexis Sánchez,FW,fr Marseille,3.44,1.29,37.5,0.13,0.33
da7b447d,Davinson Sánchez,DF,eng Tottenham,0.0,0.0,,,
2f33776f,Cisse Sandra,FW,be Club Brugge,0.0,0.0,,,
0d82903c,Alex Sandro,DF,it Juventus,0.38,0.0,0.0,0.0,
dccd127f,James Sands,"DF,MF",sct Rangers,0.28,0.0,0.0,0.0,
2b114be3,Leroy Sané,"FW,MF",de Bayern Munich,2.93,1.47,50.0,0.22,0.44
a6ee4f55,Nuno Santos,"DF,MF",pt Sporting CP,0.92,0.31,33.3,0.33,1.0
24051310,Zaidu Sanusi,DF,pt Porto,0.77,0.31,40.0,0.2,0.5
eaefa2d0,Alvaro Sanz,MF,es Barcelona,0.0,0.0,,,
9744ff80,Pablo Sarabia,MF,fr Paris S-G,2.97,0.99,33.3,0.0,0.0
f6ac68c1,Stefan Savić,DF,es Atlético Madrid,0.0,0.0,,,
5d4f7d61,Patrik Schick,FW,de Leverkusen,3.03,0.61,20.0,0.0,0.0
a427724f,Andreas Schjelderup,FW,pt Benfica,0.0,0.0,,,
8f056768,Xaver Schlager,MF,de RB Leipzig,0.31,0.0,0.0,0.0,
34e12499,Nico Schlotterbeck,DF,de Dortmund,0.32,0.0,0.0,0.0,
f07a0fe5,Abdoulaye Seck,DF,il Maccabi Haifa,0.91,0.45,50.0,0.5,1.0
28c6e925,Nicolas Seiwald,MF,at RB Salzburg,1.0,0.5,50.0,0.17,0.33
3260690c,Benjamin Šeško,FW,at RB Salzburg,3.55,1.36,38.5,0.0,0.0
6aa3e78b,Ryan Sessegnon,"MF,DF",eng Tottenham,0.58,0.58,100.0,0.0,0.0
fcea4f04,Maryan Shved,MF,ua Shakhtar,3.37,1.44,42.9,0.29,0.67
03998238,Danylo Sikan,FW,ua Shakhtar,1.73,0.0,0.0,0.0,
3effaa34,André Silva,FW,de RB Leipzig,2.53,1.18,46.7,0.2,0.43
8f0435c7,António Silva,DF,pt Benfica,0.4,0.3,75.0,0.5,0.67
3eb22ec9,Bernardo Silva,"FW,MF",eng Manchester City,0.79,0.49,62.5,0.38,0.6
70cf63ca,Rafa Silva,MF,pt Benfica,3.08,1.32,42.9,0.18,0.42
86e7deaf,Thiago Silva,DF,eng Chelsea,0.98,0.42,42.9,0.0,0.0
fcb27134,Mohamed Simakan,DF,de RB Leipzig,0.35,0.18,50.0,0.5,1.0
343c0d52,Giovanni Simeone,FW,it Napoli,5.13,3.08,60.0,0.27,0.44
a086ae11,Roko Simic,FW,at RB Salzburg,0.0,0.0,,,
6250083a,Oliver Skipp,MF,eng Tottenham,0.0,0.0,,,
b35a7399,Leo Skiri Østigård,DF,it Napoli,0.46,0.46,100.0,1.0,1.0
c50cee19,Andreas Skov Olsen,"FW,MF",be Club Brugge,0.92,0.61,66.7,0.33,0.5
30f5ffa9,Milan Škriniar,DF,it Inter,0.34,0.0,0.0,0.0,
c967f6b8,Hrvoje Smolčić,DF,de Eint Frankfurt,0.0,0.0,,,
2ccd89a3,Eduard Sobol,"FW,DF",be Club Brugge,0.83,0.0,0.0,0.0,
fed17f5a,Carlos Soler,MF,fr Paris S-G,1.16,0.58,50.0,0.5,1.0
0670ee51,Oumar Solet,DF,at RB Salzburg,0.68,0.0,0.0,0.0,
420c18a1,Yann Sommer,GK,de Bayern Munich,0.0,0.0,,,
c13ddd3e,Matìas Soulé,"MF,FW",it Juventus,4.09,0.0,0.0,0.0,
4c6facae,Djibril Sow,MF,de Eint Frankfurt,0.37,0.0,0.0,0.0,
74b7375f,Kamal Sowah,"FW,MF",be Club Brugge,1.98,0.76,38.5,0.15,0.4
688fcea2,Dario Špikić,"FW,DF",hr Dinamo Zagreb,2.16,1.08,50.0,0.0,0.0
2d65a822,Jorne Spileers,DF,be Club Brugge,0.0,0.0,,,
90339309,Jerry St. Juste,DF,pt Sporting CP,0.48,0.0,0.0,0.0,
690d1049,Marko Stamenic,MF,dk FC Copenhagen,0.67,0.0,0.0,0.0,
eca17cf2,Jindřich Staněk,GK,cz Viktoria Plzeň,0.0,0.0,,,
7ed08d5c,Josip Stanišić,DF,de Bayern Munich,0.0,0.0,,,
5cfec13d,Carl Starfelt,DF,sct Celtic,0.0,0.0,,,
d0b8e745,Orri Steinn Óskarsson,"MF,FW",dk FC Copenhagen,0.0,0.0,,,
ee3519f5,Taras Stepanenko,MF,ua Shakhtar,0.0,0.0,,,
b400bde0,Raheem Sterling,"FW,MF",eng Chelsea,1.14,0.57,50.0,0.38,0.75
5eecec3d,John Stones,"MF,DF",eng Manchester City,0.39,0.13,33.3,0.33,1.0
1e1378e1,Luka Sučić,MF,at RB Salzburg,3.17,0.9,28.6,0.0,0.0
a793f5a8,Heorhiy Sudakov,MF,ua Shakhtar,0.37,0.0,0.0,0.0,
e33c06cf,Niklas Süle,DF,de Dortmund,0.4,0.13,33.3,0.0,0.0
141b0bd2,Daniel Sundgren,DF,il Maccabi Haifa,0.28,0.28,100.0,0.0,0.0
4e219ad2,Suso,"FW,MF",es Sevilla,2.66,1.52,57.1,0.0,0.0
33a6a650,Josip Šutalo,DF,hr Dinamo Zagreb,0.17,0.17,100.0,0.0,0.0
d820a7c8,Jan Sýkora,"FW,DF",cz Viktoria Plzeň,1.82,0.61,33.3,0.33,1.0
29c91632,Abakar Sylla,DF,be Club Brugge,0.18,0.18,100.0,1.0,1.0
01b8a2b2,Wojciech Szczęsny,GK,it Juventus,0.0,0.0,,,
934e1968,Dominik Szoboszlai,FW,de RB Leipzig,2.07,0.41,20.0,0.07,0.33
c8829a58,Christian Sørensen,"DF,MF",dk FC Copenhagen,0.88,0.0,0.0,0.0,
2475dcc6,Dušan Tadić,FW,nl Ajax,0.83,0.21,25.0,0.0,0.0
bd142efb,Jonathan Tah,DF,de Leverkusen,0.19,0.0,0.0,0.0,
e9971f2d,Japhet Tanganga,DF,eng Tottenham,5.0,0.0,0.0,0.0,
a73c8f95,Edmond Tapsoba,DF,de Leverkusen,0.77,0.0,0.0,0.0,
4c2a5d34,Mehdi Taremi,FW,pt Porto,3.24,1.47,45.5,0.14,0.3
b056e3da,Ciprian Tătărușanu,GK,it Milan,0.0,0.0,,,
a65c844b,Nuno Tavares,DF,fr Marseille,2.0,0.17,8.3,0.0,0.0
be765073,James Tavernier,DF,sct Rangers,0.74,0.37,50.0,0.0,0.0
30d75bfb,Greg Taylor,DF,sct Celtic,0.33,0.17,50.0,0.0,0.0
ad9b2747,Kenneth Taylor,MF,nl Ajax,1.51,0.65,42.9,0.0,0.0
d0a39bdf,Lucas Taylor,DF,ua Shakhtar,0.0,0.0,,,
f4d8ce5a,Mavis Tchibota,FW,il Maccabi Haifa,3.87,0.97,25.0,0.0,0.0
4f255115,Aurélien Tchouaméni,MF,es Real Madrid,1.87,0.42,22.2,0.0,0.0
829aa60c,Mathys Tel,FW,de Bayern Munich,4.34,0.62,14.3,0.0,0.0
e73c9bb2,Alex Telles,"DF,FW",es Sevilla,0.92,0.0,0.0,0.0,
6f51e382,Marc-André ter Stegen,GK,es Barcelona,0.0,0.0,,,
6b994195,Kévin Théophile-Catherine,DF,hr Dinamo Zagreb,1.2,0.0,0.0,0.0,
ff5ea0bf,Malick Thiaw,DF,it Milan,0.98,0.0,0.0,0.0,
b7c19c48,Mohamed Tijani,DF,cz Viktoria Plzeň,0.0,0.0,,,
a5420709,Malik Tillman,MF,sct Rangers,0.74,0.0,0.0,0.0,
41034650,Jurriën Timber,DF,nl Ajax,0.34,0.0,0.0,0.0,
7edfbb8a,Fikayo Tomori,DF,it Milan,0.22,0.0,0.0,0.0,
0db169ae,Sandro Tonali,MF,it Milan,0.77,0.09,11.1,0.0,0.0
04e531b6,Pablo Torre,"MF,FW",es Barcelona,0.95,0.95,100.0,1.0,1.0
9e1035f8,Ferrán Torres,"FW,MF",es Barcelona,3.35,1.44,42.9,0.43,1.0
ab708880,Andriy Totovytskyi,MF,ua Shakhtar,5.29,0.0,0.0,0.0,
ce17b5eb,Kevin Trapp,GK,de Eint Frankfurt,0.0,0.0,,,
77e39b04,Francisco Trincão,"MF,FW",pt Sporting CP,2.1,0.93,44.4,0.22,0.5
41f0b196,Anatolii Trubin,GK,ua Shakhtar,0.0,0.0,,,
f315ca93,Kostas Tsimikas,DF,eng Liverpool,0.79,0.0,0.0,0.0,
aa34ed38,David Turnbull,MF,sct Celtic,2.62,0.87,33.3,0.0,0.0
35d64857,Tuta,DF,de Eint Frankfurt,0.3,0.15,50.0,0.0,0.0
d3dc62d1,Marián Tvrdoň,GK,cz Viktoria Plzeň,0.0,0.0,,,
c9817014,Manuel Ugarte Ribeiro,MF,pt Sporting CP,0.0,0.0,,,
1a799243,Andreas Ulmer,DF,at RB Salzburg,0.48,0.0,0.0,0.0,
7d3e7da6,Sven Ulreich,GK,de Bayern Munich,0.0,0.0,,,
1880614f,Cengiz Ünder,MF,fr Marseille,3.12,0.52,16.7,0.0,0.0
d248cd8f,Dayot Upamecano,DF,de Bayern Munich,0.0,0.0,,,
b997c3de,Mateus Uribe,MF,pt Porto,1.33,0.3,22.2,0.0,0.0
c2111b45,Jesús Vallejo,DF,es Real Madrid,0.0,0.0,,,
0959c2a2,Federico Valverde,"MF,FW",es Real Madrid,2.23,0.74,33.3,0.08,0.25
e06683ca,Virgil van Dijk,DF,eng Liverpool,1.5,0.62,41.7,0.0,0.0
392a7aea,Hans Vanaken,MF,be Club Brugge,0.51,0.0,0.0,0.0,
08990838,Denis Vavro,DF,dk FC Copenhagen,0.75,0.5,66.7,0.0,0.0
fd51b456,Lucas Vázquez,DF,es Real Madrid,0.0,0.0,,,
4a56052c,Jordan Veretout,MF,fr Marseille,0.56,0.37,66.7,0.0,0.0
5eaf85b5,Lucas Veríssimo,DF,pt Benfica,0.0,0.0,,,
6bc49da7,Gabriel Veron,"MF,FW",pt Porto,0.0,0.0,,,
1467af0d,Marco Verratti,MF,fr Paris S-G,0.29,0.0,0.0,0.0,
3b029691,Vitinha,MF,fr Paris S-G,0.77,0.31,40.0,0.0,0.0
03df04ff,Odisseas Vlachodimos,GK,pt Benfica,0.0,0.0,,,
79443529,Dušan Vlahović,FW,it Juventus,3.28,1.53,46.7,0.07,0.14
aed44b64,Adam Vlkanova,MF,cz Viktoria Plzeň,1.97,0.59,30.0,0.1,0.33
d0d8dd44,Stefan de Vrij,DF,it Inter,0.0,0.0,,,
86dd77d1,Kyle Walker,"DF,FW",eng Manchester City,0.32,0.0,0.0,0.0,
cb64672e,Paul Wanner,"DF,FW",de Bayern Munich,2.5,0.0,0.0,0.0,
a8b8af8d,Stephen Welsh,DF,sct Celtic,0.0,0.0,,,
f9acca3a,Wendell,DF,pt Porto,1.26,0.63,50.0,0.0,0.0
49fe9070,Timo Werner,FW,de RB Leipzig,2.34,1.08,46.2,0.15,0.33
83300259,Owen Wijndal,DF,nl Ajax,0.0,0.0,,,
c19a2df1,Josh Wilson-Esbrand,DF,eng Manchester City,0.0,0.0,,,
5dfc6ad5,Axel Witsel,"DF,MF",es Atlético Madrid,0.19,0.0,0.0,0.0,
4b803b3c,Maximilian Wöber,DF,at RB Salzburg,1.09,0.55,50.0,0.0,0.0
fa661778,Marius Wolf,DF,de Dortmund,2.56,1.02,40.0,0.0,0.0
e9b0ccaf,Scott Wright,"FW,MF",sct Rangers,0.0,0.0,,,
cb641b9d,Roman Yaremchuk,FW,be Club Brugge,2.41,0.8,33.3,0.0,0.0
94721522,Rıdvan Yılmaz,DF,sct Rangers,1.0,0.0,0.0,0.0,
6b9960cf,Warren Zaire-Emery,MF,fr Paris S-G,0.0,0.0,,,
384d58d9,Denis Zakaria,MF,eng Chelsea,1.22,1.22,100.0,1.0,1.0
6bb2c084,Andre-Frank Zambo Anguissa,MF,it Napoli,1.25,0.28,22.2,0.11,0.5
3b12b11f,Alessandro Zanoli,DF,it Napoli,0.0,0.0,,,
f15b778f,Zeca,MF,dk FC Copenhagen,1.12,0.0,0.0,0.0,
d19ef4ef,Alessio Zerbin,FW,it Napoli,3.21,3.21,100.0,0.0,0.0
a5296e55,Piotr Zieliński,MF,it Napoli,2.04,1.16,57.1,0.14,0.25
6622454d,Hakim Ziyech,"FW,MF",eng Chelsea,7.3,3.04,41.7,0.0,0.0
adfbe1f5,Oleksandr Zubkov,"FW,MF",ua Shakhtar,1.97,0.74,37.5,0.25,0.67
37557ec4,Neven Đurasek,MF,ua Shakhtar,0.0,0.0,,,
